{
  "metadata": {
    "input_file": "/home/purrpower/Resurrexi/projects/papers/to-publish/ready/semantic-vision/semantic_vision_pilot_results_qwen3_30b.jsonl",
    "n_entries": 3213,
    "n_images": 479,
    "n_primes": 7,
    "n_bootstrap": 10000,
    "n_permutations": 10000,
    "random_seed": 42
  },
  "jaccard_stats": {
    "word_level": {
      "mean": 0.09461968727610943,
      "std": 0.05776237699059985,
      "median": 0.10714285714285714,
      "min": 0.0,
      "max": 0.28368794326241137,
      "n_pairs": 9244
    },
    "object_level": {
      "mean": 0.11920808739556035,
      "std": 0.1919517656143706,
      "median": 0.0,
      "min": 0.0,
      "max": 1.0,
      "n_pairs": 9244
    }
  },
  "significance_tests": {
    "h_s1_word": {
      "test": "Permutation test: mean < 0.5",
      "observed_mean": 0.09461968727610943,
      "difference_from_threshold": -0.4053803127238906,
      "p_value_permutation": 0.0,
      "p_value_ttest_onesided": 0.0,
      "t_statistic": -674.7207605822188,
      "significant_at_001": true
    },
    "h_s1_object": {
      "test": "Permutation test: mean < 0.5",
      "observed_mean": 0.11920808739556035,
      "difference_from_threshold": -0.3807919126044397,
      "p_value_permutation": 0.0,
      "p_value_ttest_onesided": 0.0,
      "t_statistic": -190.72256612253685,
      "significant_at_001": true
    },
    "bootstrap_ci_word": {
      "mean": 0.09461968727610943,
      "ci_lower": 0.09344284581573468,
      "ci_upper": 0.0957952322485265,
      "se": 0.0006024448468004357,
      "n_bootstrap": 10000
    },
    "bootstrap_ci_object": {
      "mean": 0.11920808739556035,
      "ci_lower": 0.11532082166865541,
      "ci_upper": 0.12309492598997954,
      "se": 0.0020107628952401083,
      "n_bootstrap": 10000
    }
  },
  "tucker_results": {
    "tensor_shape": [
      360,
      7,
      384
    ],
    "tucker_rank": [
      10,
      3,
      10
    ],
    "n_complete_images": 360,
    "explained_variance": 0.46602641940851186,
    "reconstruction_error": 0.7307349591962112,
    "prime_factor_loadings": {
      "Dim_1": {
        "P0_Neutral": 0.4097431126584141,
        "P1_Chef": 0.25698825265488606,
        "P2_Security": 0.423175049989351,
        "P3_Child": 0.3721908421298519,
        "P4_Mobility": 0.40510491934045456,
        "P5_Urgent": 0.3838809796346845,
        "P6_Leisure": 0.37012142808603266
      },
      "Dim_2": {
        "P0_Neutral": -0.1156866155474484,
        "P1_Chef": 0.9543086083526392,
        "P2_Security": -0.15654783951190526,
        "P3_Child": -0.12705484969565803,
        "P4_Mobility": 0.03177432020734242,
        "P5_Urgent": -0.15357498206236306,
        "P6_Leisure": -0.1032794441314452
      },
      "Dim_3": {
        "P0_Neutral": -0.07159270653797989,
        "P1_Chef": 0.09024446073649416,
        "P2_Security": -0.20641246230745405,
        "P3_Child": 0.7226267401237674,
        "P4_Mobility": -0.5986923701907646,
        "P5_Urgent": -0.061019238370095964,
        "P6_Leisure": 0.24449746412450551
      }
    },
    "dimension_variance_pct": {
      "Dim_1": 0.9230723270786936,
      "Dim_2": 49.200956493617745,
      "Dim_3": 49.87597117930356
    },
    "primes": [
      "P0_Neutral",
      "P1_Chef",
      "P2_Security",
      "P3_Child",
      "P4_Mobility",
      "P5_Urgent",
      "P6_Leisure"
    ]
  },
  "tucker_bootstrap_ci": {
    "P0_Neutral": {
      "Dim_1": {
        "mean": 0.41125086670543565,
        "ci_lower": 0.40704341471490013,
        "ci_upper": 0.4157647917125186,
        "se": 0.0022637200849864297
      },
      "Dim_2": {
        "mean": -0.11379039443022888,
        "ci_lower": -0.1261828442626633,
        "ci_upper": -0.1016446006741933,
        "se": 0.00677297386916831
      },
      "Dim_3": {
        "mean": -0.056234268013531825,
        "ci_lower": -0.09768762589564972,
        "ci_upper": 0.04972084510870631,
        "se": 0.039741735330602726
      }
    },
    "P1_Chef": {
      "Dim_1": {
        "mean": 0.2523090539241542,
        "ci_lower": 0.23369180306000784,
        "ci_upper": 0.2695710520832467,
        "se": 0.008535773437833826
      },
      "Dim_2": {
        "mean": 0.9550753975303725,
        "ci_lower": 0.9434172548270897,
        "ci_upper": 0.9654114791691891,
        "se": 0.006237949836162996
      },
      "Dim_3": {
        "mean": 0.056816851898092186,
        "ci_lower": -0.14357793215076523,
        "ci_upper": 0.13991061618780004,
        "se": 0.07826107268731465
      }
    },
    "P2_Security": {
      "Dim_1": {
        "mean": 0.4241196422960776,
        "ci_lower": 0.4201184399304754,
        "ci_upper": 0.42831167940036735,
        "se": 0.002244697893008106
      },
      "Dim_2": {
        "mean": -0.15300260333781712,
        "ci_lower": -0.1645997702825957,
        "ci_upper": -0.14144581556091745,
        "se": 0.006276099445550115
      },
      "Dim_3": {
        "mean": -0.15679201769111656,
        "ci_lower": -0.23330628268913306,
        "ci_upper": 0.18127271038771375,
        "se": 0.1283039591979359
      }
    },
    "P3_Child": {
      "Dim_1": {
        "mean": 0.3713465221484144,
        "ci_lower": 0.366309506847925,
        "ci_upper": 0.3763660352597257,
        "se": 0.0026458692534711706
      },
      "Dim_2": {
        "mean": -0.12356047501315247,
        "ci_lower": -0.15495002594917515,
        "ci_upper": -0.08693869999953427,
        "se": 0.017264064355743774
      },
      "Dim_3": {
        "mean": 0.5445386637003429,
        "ci_lower": -0.6642523615524935,
        "ci_upper": 0.7740901217384241,
        "se": 0.46236836841543894
      }
    },
    "P4_Mobility": {
      "Dim_1": {
        "mean": 0.40399342604464855,
        "ci_lower": 0.39563072630615237,
        "ci_upper": 0.4124076637401617,
        "se": 0.00411444496831492
      },
      "Dim_2": {
        "mean": 0.032067755384009744,
        "ci_lower": -0.027626965239124737,
        "ci_upper": 0.09918846522884976,
        "se": 0.03389874463262234
      },
      "Dim_3": {
        "mean": -0.42982210759535994,
        "ci_lower": -0.6478363596653144,
        "ci_upper": 0.6938033415985472,
        "se": 0.42962013594326026
      }
    },
    "P5_Urgent": {
      "Dim_1": {
        "mean": 0.38527959474474366,
        "ci_lower": 0.3774564124187788,
        "ci_upper": 0.3913244856917176,
        "se": 0.0037160092309039736
      },
      "Dim_2": {
        "mean": -0.15224370015663258,
        "ci_lower": -0.16456322723395503,
        "ci_upper": -0.13875602351572988,
        "se": 0.006507905554500372
      },
      "Dim_3": {
        "mean": -0.0502053965722437,
        "ci_lower": -0.09559056479650535,
        "ci_upper": 0.03580995413414934,
        "se": 0.03375834098061237
      }
    },
    "P6_Leisure": {
      "Dim_1": {
        "mean": 0.37102159207002294,
        "ci_lower": 0.3657217522456182,
        "ci_upper": 0.37656548313025423,
        "se": 0.0028842193337954964
      },
      "Dim_2": {
        "mean": -0.10136428569468948,
        "ci_lower": -0.12261344180675546,
        "ci_upper": -0.08284613516596696,
        "se": 0.010528043927917672
      },
      "Dim_3": {
        "mean": 0.1804986694834728,
        "ci_lower": -0.265426781809626,
        "ci_upper": 0.2718248529408804,
        "se": 0.17027143559981558
      }
    }
  }
}