{
  "bootstrap": {
    "primes": [
      "P0_Neutral",
      "P1_Chef",
      "P2_Security",
      "P3_Child",
      "P4_Mobility",
      "P5_Urgent",
      "P6_Leisure"
    ],
    "n_bootstrap": 1000,
    "reference_loadings": {
      "P0_Neutral": {
        "Dim_1": 0.40875379303791626,
        "Dim_2": -0.11449252785284578,
        "Dim_3": -0.06795774763473973
      },
      "P1_Chef": {
        "Dim_1": 0.2562371225488585,
        "Dim_2": 0.9549159078953438,
        "Dim_3": 0.09194533462303212
      },
      "P2_Security": {
        "Dim_1": 0.4241865150329345,
        "Dim_2": -0.1547261253191813,
        "Dim_3": -0.20174839992074345
      },
      "P3_Child": {
        "Dim_1": 0.37204294361357715,
        "Dim_2": -0.12833927982523746,
        "Dim_3": 0.7158757385084371
      },
      "P4_Mobility": {
        "Dim_1": 0.40569136363666697,
        "Dim_2": 0.02959743195230834,
        "Dim_3": -0.6076066529035672
      },
      "P5_Urgent": {
        "Dim_1": 0.3840420594563269,
        "Dim_2": -0.1520717031293632,
        "Dim_3": -0.056455580027391525
      },
      "P6_Leisure": {
        "Dim_1": 0.3699174723039194,
        "Dim_2": -0.10302482439244022,
        "Dim_3": 0.24773823474180695
      }
    },
    "bootstrap_stats": {
      "P0_Neutral": {
        "Dim_1": {
          "mean": 0.41044378414770266,
          "std": 0.0021965691972245537,
          "ci_lower": 0.406161342060874,
          "ci_upper": 0.41504731874959067,
          "reference": 0.40875379303791626
        },
        "Dim_2": {
          "mean": -0.11507018541870384,
          "std": 0.008257343406515046,
          "ci_lower": -0.13059969384954467,
          "ci_upper": -0.09913416669152843,
          "reference": -0.11449252785284578
        },
        "Dim_3": {
          "mean": -0.06947790243728566,
          "std": 0.02090060397997403,
          "ci_lower": -0.10799201227853568,
          "ci_upper": -0.021439006191261125,
          "reference": -0.06795774763473973
        }
      },
      "P1_Chef": {
        "Dim_1": {
          "mean": 0.2563750828821486,
          "std": 0.00045052170923390674,
          "ci_lower": 0.2555193434054937,
          "ci_upper": 0.2572673924874654,
          "reference": 0.2562371225488585
        },
        "Dim_2": {
          "mean": 0.9544894910509736,
          "std": 0.002725962004786261,
          "ci_lower": 0.9483676682265558,
          "ci_upper": 0.9591463058462176,
          "reference": 0.9549159078953438
        },
        "Dim_3": {
          "mean": 0.09151971338069842,
          "std": 0.007556843214980191,
          "ci_lower": 0.07861494333564018,
          "ci_upper": 0.10879009146424667,
          "reference": 0.09194533462303212
        }
      },
      "P2_Security": {
        "Dim_1": {
          "mean": 0.4232389987983241,
          "std": 0.0020858052552075704,
          "ci_lower": 0.41914128030715314,
          "ci_upper": 0.42734695908593756,
          "reference": 0.4241865150329345
        },
        "Dim_2": {
          "mean": -0.15437084145881586,
          "std": 0.009801670930408728,
          "ci_lower": -0.1729174961274191,
          "ci_upper": -0.13591963401563645,
          "reference": -0.1547261253191813
        },
        "Dim_3": {
          "mean": -0.20270240441119297,
          "std": 0.021506893899725196,
          "ci_lower": -0.23982493279943254,
          "ci_upper": -0.1540671383390141,
          "reference": -0.20174839992074345
        }
      },
      "P3_Child": {
        "Dim_1": {
          "mean": 0.37083980520894916,
          "std": 0.0019858622197148146,
          "ci_lower": 0.36681562674335627,
          "ci_upper": 0.37442096699641614,
          "reference": 0.37204294361357715
        },
        "Dim_2": {
          "mean": -0.1268903046199164,
          "std": 0.010664921918637542,
          "ci_lower": -0.14678885257953467,
          "ci_upper": -0.10497513189337931,
          "reference": -0.12833927982523746
        },
        "Dim_3": {
          "mean": 0.7164726138673295,
          "std": 0.0350324654399195,
          "ci_lower": 0.6314209554052109,
          "ci_upper": 0.7751076061936012,
          "reference": 0.7158757385084371
        }
      },
      "P4_Mobility": {
        "Dim_1": {
          "mean": 0.4046268073003787,
          "std": 0.0025060866224527914,
          "ci_lower": 0.39994282593797065,
          "ci_upper": 0.4094310774156243,
          "reference": 0.40569136363666697
        },
        "Dim_2": {
          "mean": 0.030392650907003046,
          "std": 0.016483041704954616,
          "ci_lower": -0.0014415272631922486,
          "ci_upper": 0.06255113803470616,
          "reference": 0.02959743195230834
        },
        "Dim_3": {
          "mean": -0.6024519004836414,
          "std": 0.04608204580657222,
          "ci_lower": -0.6998000980930309,
          "ci_upper": -0.51401015937182,
          "reference": -0.6076066529035672
        }
      },
      "P5_Urgent": {
        "Dim_1": {
          "mean": 0.38489551786109805,
          "std": 0.003276868502884823,
          "ci_lower": 0.3784334854501307,
          "ci_upper": 0.391190374003829,
          "reference": 0.3840420594563269
        },
        "Dim_2": {
          "mean": -0.1532441358776328,
          "std": 0.008423513167224362,
          "ci_lower": -0.16930198006341793,
          "ci_upper": -0.13648483136119977,
          "reference": -0.1520717031293632
        },
        "Dim_3": {
          "mean": -0.05840697841646987,
          "std": 0.026233924865328974,
          "ci_lower": -0.1068776893938494,
          "ci_upper": -0.0021052516181899765,
          "reference": -0.056455580027391525
        }
      },
      "P6_Leisure": {
        "Dim_1": {
          "mean": 0.3704708496353078,
          "std": 0.0028110424378499066,
          "ci_lower": 0.36495122298655774,
          "ci_upper": 0.37591022386430717,
          "reference": 0.3699174723039194
        },
        "Dim_2": {
          "mean": -0.10355412100842917,
          "std": 0.004260196519640222,
          "ci_lower": -0.11164734564904734,
          "ci_upper": -0.09482093526889922,
          "reference": -0.10302482439244022
        },
        "Dim_3": {
          "mean": 0.2464802864633786,
          "std": 0.016369417058330043,
          "ci_lower": 0.2145775389718732,
          "ci_upper": 0.27811459640386016,
          "reference": 0.24773823474180695
        }
      }
    },
    "explained_variance": {
      "reference": 0.4662842891397295,
      "mean": 0.47318788957706487,
      "std": 0.0042028029833067505,
      "ci_lower": 0.46560201509413346,
      "ci_upper": 0.48145256132979525
    },
    "congruence": {
      "Dim_1": {
        "mean": 0.9999771846273743,
        "std": 1.6946942852447494e-05,
        "min": 0.999892430489959,
        "pct_good": 100.0,
        "pct_fair": 100.0
      },
      "Dim_2": {
        "mean": 0.9996743740920734,
        "std": 0.0004006366411090429,
        "min": 0.9965128852008394,
        "pct_good": 100.0,
        "pct_fair": 100.0
      },
      "Dim_3": {
        "mean": 0.9973503934543064,
        "std": 0.0038385345101886416,
        "min": 0.9623926702870831,
        "pct_good": 100.0,
        "pct_fair": 100.0
      }
    }
  },
  "rank_sensitivity": {
    "rank": {
      "0": [
        5,
        3,
        5
      ],
      "1": [
        10,
        3,
        10
      ],
      "2": [
        15,
        3,
        15
      ],
      "3": [
        20,
        3,
        20
      ]
    },
    "rank_str": {
      "0": "[5,3,5]",
      "1": "[10,3,10]",
      "2": "[15,3,15]",
      "3": "[20,3,20]"
    },
    "explained_variance": {
      "0": 0.3965772415516452,
      "1": 0.4662842891397295,
      "2": 0.5090775712876359,
      "3": 0.5385678238270645
    },
    "n_params": {
      "0": 3816,
      "1": 7761,
      "2": 11856,
      "3": 16101
    }
  }
}